Nozzle, Nozzle type (SUPER_SHORT|BLOCKED|OFFSET|INSTALLED|COVERED), Orifice diameter
A1, INSTALLED, 500
A2, INSTALLED, 1000
A3, OFFSET, 1000
A4, BLOCKED, 0
A5, INSTALLED, 500
A6, INSTALLED, 500
A7, INSTALLED, 1000
A8, INSTALLED, 1000
A9, OFFSET, 1000
A10, BLOCKED, 1000
A11, INSTALLED, 1000
A12, INSTALLED, 1000
A13, INSTALLED, 1000
A14, INSTALLED, 1000
A15, INSTALLED, 1000
A16, INSTALLED, 1000
A17, INSTALLED, 1000
A18, INSTALLED, 1000
A19, INSTALLED, 1000
A20, INSTALLED, 500
A21, INSTALLED, 500
A22, INSTALLED, 500
A23, INSTALLED, 500
A24, INSTALLED, 500
A25, INSTALLED, 1000
A26, INSTALLED, 1000
A27, INSTALLED, 1000
A28, INSTALLED, 1000
A29, INSTALLED, 1000
A30, INSTALLED, 1000
A31, INSTALLED, 1000
A32, INSTALLED, 1000
A33, OFFSET, 1000
A34, COVERED, 1000
A35, OFFSET, 1000
A36, INSTALLED, 1000
A37, INSTALLED, 1000
A38, OFFSET, 1000
A39, INSTALLED, 500
A40, INSTALLED, 500
A41, INSTALLED, 1000
A42, INSTALLED, 500
A43, INSTALLED, 500
A44, INSTALLED, 1000
A45, INSTALLED, 1000
A46, INSTALLED, 1000
A47, INSTALLED, 1000
A48, INSTALLED, 1000
A49, INSTALLED, 1000
A50, INSTALLED, 1000
A51, INSTALLED, 1000
A52, INSTALLED, 1000
A53, INSTALLED, 1000
A54, INSTALLED, 1000
A55, INSTALLED, 1000
A56, INSTALLED, 1000
A57, OFFSET, 1000
A58, OFFSET, 1000
A59, OFFSET, 1000
A60, INSTALLED, 1000
A61, INSTALLED, 1000
A62, INSTALLED, 500
A63, OFFSET, 1000
A64, COVERED, 1000
A65, OFFSET, 1000
A66, INSTALLED, 1000
A67, INSTALLED, 1000
A68, INSTALLED, 1000
A69, OFFSET, 1000
A70, SUPER_SHORT, 1000
A71, OFFSET, 1000
A72, INSTALLED, 1000
A73, INSTALLED, 1000
A74, INSTALLED, 1000
A75, INSTALLED, 1000
A76, INSTALLED, 1000
A77, INSTALLED, 1000
A78, INSTALLED, 500
A79, INSTALLED, 500
A80, INSTALLED, 1000
A81, INSTALLED, 500
A82, INSTALLED, 500
A83, INSTALLED, 1000
A84, INSTALLED, 1000
A85, INSTALLED, 1000
A86, INSTALLED, 1000
A87, INSTALLED, 1000
A88, INSTALLED, 1000
A89, INSTALLED, 1000
A90, INSTALLED, 1000
A91, INSTALLED, 1000
A92, INSTALLED, 1000
A93, INSTALLED, 1000
A94, INSTALLED, 1000
A95, INSTALLED, 1000
A96, INSTALLED, 1000
A97, INSTALLED, 500
A98, OFFSET, 1000
A99, COVERED, 1000
A100, OFFSET, 1000
A101, INSTALLED, 1000
A102, INSTALLED, 1000
A103, INSTALLED, 1000
A104, OFFSET, 1000
A105, COVERED, 1000
A106, OFFSET, 1000
A107, INSTALLED, 1000
A108, INSTALLED, 1000
A109, INSTALLED, 1000
A110, OFFSET, 1000
A111, COVERED, 1000
A112, OFFSET, 1000
A113, INSTALLED, 1000
A114, INSTALLED, 500
A115, INSTALLED, 1000
A116, INSTALLED, 1000
A117, INSTALLED, 1000
A118, INSTALLED, 1000
A119, INSTALLED, 1000
A120, INSTALLED, 1000
A121, INSTALLED, 1000
A122, INSTALLED, 1000
A123, INSTALLED, 1000
A124, INSTALLED, 1000
A125, INSTALLED, 1000
A126, INSTALLED, 1000
A127, INSTALLED, 1000
A128, INSTALLED, 1000
A129, INSTALLED, 1000
A130, OFFSET, 1000
A131, INSTALLED, 1000
A132, INSTALLED, 1000
A133, INSTALLED, 1000
A134, OFFSET, 1000
A135, COVERED, 1000
A136, OFFSET, 1000
A137, INSTALLED, 1000
A138, INSTALLED, 1000
A139, INSTALLED, 1000
A140, OFFSET, 1000
A141, COVERED, 1000
A142, OFFSET, 1000
A143, INSTALLED, 1000
A144, INSTALLED, 1000
A145, INSTALLED, 1000
A146, INSTALLED, 1000
A147, OFFSET, 1000
A148, INSTALLED, 1000
A149, INSTALLED, 1000
A150, INSTALLED, 1000
A151, INSTALLED, 1000
A152, INSTALLED, 1000
A153, INSTALLED, 1000
A154, INSTALLED, 1000
A155, INSTALLED, 1000
A156, INSTALLED, 1000
A157, OFFSET, 1000
A158, INSTALLED, 1000
A159, INSTALLED, 1000
A160, INSTALLED, 1000
A161, INSTALLED, 1000
A162, INSTALLED, 1000
A163, INSTALLED, 1000
A164, COVERED, 1000
A165, COVERED, 1000
A166, INSTALLED, 1000
A167, INSTALLED, 1000
A168, INSTALLED, 1000
A169, INSTALLED, 1000
A170, COVERED, 1000
A171, COVERED, 1000
A172, INSTALLED, 1000
A173, OFFSET, 1000
A174, INSTALLED, 1000
A175, OFFSET, 1000
A176, OFFSET, 1000
A177, OFFSET, 1000
A178, OFFSET, 1000
A179, INSTALLED, 1000
A180, INSTALLED, 1000
A181, INSTALLED, 1000
A182, INSTALLED, 1000
A183, INSTALLED, 1000
A184, INSTALLED, 1000
A185, OFFSET, 1000
A186, INSTALLED, 1000
A187, INSTALLED, 1000
A188, INSTALLED, 1000
A189, INSTALLED, 1000
A190, INSTALLED, 1000
A191, INSTALLED, 1000
A192, OFFSET, 1000
A193, INSTALLED, 1000
A194, COVERED, 1000
A195, SUPER_SHORT, 1000
A196, OFFSET, 1000
A197, INSTALLED, 1000
A198, INSTALLED, 1000
A199, INSTALLED, 1000
A200, INSTALLED, 1000
A201, OFFSET, 1000
A202, COVERED, 1000
A203, OFFSET, 1000
A204, INSTALLED, 1000
A205, INSTALLED, 1000
A206, INSTALLED, 1000
A207, INSTALLED, 1000
A208, INSTALLED, 1000
A209, INSTALLED, 1000
A210, INSTALLED, 1000
A211, INSTALLED, 1000
A212, INSTALLED, 1000
A213, INSTALLED, 1000
A214, INSTALLED, 1000
A215, INSTALLED, 1000
A216, INSTALLED, 1000
A217, OFFSET, 1000
A218, INSTALLED, 1000
A219, INSTALLED, 1000
A220, INSTALLED, 1000
A221, OFFSET, 1000
A222, COVERED, 1000
A223, COVERED, 1000
A224, INSTALLED, 1000
A225, INSTALLED, 1000
A226, INSTALLED, 1000
A227, INSTALLED, 1000
A228, OFFSET, 1000
A229, INSTALLED, 1000
A230, INSTALLED, 1000
A231, INSTALLED, 1000
A232, INSTALLED, 1000
A233, INSTALLED, 1000
A234, INSTALLED, 1000
A235, INSTALLED, 1000
A236, INSTALLED, 1000
A237, INSTALLED, 1000
A238, INSTALLED, 1000
A239, SUPER_SHORT, 1000
A240, OFFSET, 1000
A241, INSTALLED, 1000
A242, INSTALLED, 1000
A243, INSTALLED, 1000
A244, INSTALLED, 1000
A245, COVERED, 1000
A246, INSTALLED, 1000
A247, INSTALLED, 1000
A248, INSTALLED, 1000
A249, INSTALLED, 1000
A250, INSTALLED, 1000
A251, INSTALLED, 1000
A252, INSTALLED, 1000
A253, INSTALLED, 1000
A254, OFFSET, 1000
A255, INSTALLED, 1000
A256, INSTALLED, 1000
A257, OFFSET, 1000
A258, COVERED, 1000
A259, COVERED, 1000
A260, OFFSET, 1000
A261, OFFSET, 1000
A262, INSTALLED, 1000
A263, INSTALLED, 1000
A264, INSTALLED, 1000
A265, INSTALLED, 1000
A266, INSTALLED, 1000
A267, INSTALLED, 1000
A268, OFFSET, 1000
A269, INSTALLED, 1000
A270, INSTALLED, 1000
A271, INSTALLED, 1000
A272, INSTALLED, 1000
A273, COVERED, 1000
A274, OFFSET, 1000
A275, OFFSET, 1000
B1, INSTALLED, 500
B2, INSTALLED, 500
B3, INSTALLED, 500
B4, INSTALLED, 500
B5, COVERED, 1000
B6, INSTALLED, 500
B7, OFFSET, 1000
B8, INSTALLED, 1000
B9, INSTALLED, 1000
B10, INSTALLED, 1000
B11, OFFSET, 1000
B12, INSTALLED, 1000
B13, OFFSET, 1000
B14, INSTALLED, 1000
B15, INSTALLED, 1000
B16, INSTALLED, 1000
B17, COVERED, 1000
B18, INSTALLED, 1000
B19, INSTALLED, 1000
B20, OFFSET, 1000
B21, INSTALLED, 500
B22, INSTALLED, 1000
B23, SUPER_SHORT, 1000
B24, INSTALLED, 500
B25, INSTALLED, 1000
B26, INSTALLED, 1000
B27, INSTALLED, 1000
B28, INSTALLED, 1000
B29, COVERED, 1000
B30, INSTALLED, 1000
B31, INSTALLED, 1000
B32, INSTALLED, 1000
B33, INSTALLED, 1000
B34, INSTALLED, 1000
B35, COVERED, 1000
B36, INSTALLED, 1000
B37, INSTALLED, 1000
B38, INSTALLED, 1000
B39, INSTALLED, 500
B40, OFFSET, 1000
B41, INSTALLED, 500
B42, OFFSET, 1000
B43, INSTALLED, 500
B44, INSTALLED, 1000
B45, INSTALLED, 1000
B46, OFFSET, 1000
B47, INSTALLED, 1000
B48, OFFSET, 1000
B49, INSTALLED, 1000
B50, INSTALLED, 1000
B51, INSTALLED, 1000
B52, COVERED, 1000
B53, INSTALLED, 1000
B54, OFFSET, 1000
B55, INSTALLED, 1000
B56, INSTALLED, 1000
B57, OFFSET, 1000
B58, INSTALLED, 500
B59, OFFSET, 500
B60, INSTALLED, 500
B61, INSTALLED, 500
B62, INSTALLED, 500
B63, INSTALLED, 1000
B64, INSTALLED, 1000
B65, COVERED, 1000
B66, INSTALLED, 1000
B67, INSTALLED, 1000
B68, INSTALLED, 1000
B69, INSTALLED, 1000
B70, INSTALLED, 1000
B71, COVERED, 1000
B72, INSTALLED, 1000
B73, INSTALLED, 1000
B74, INSTALLED, 1000
B75, INSTALLED, 1000
B76, COVERED, 1000
B77, OFFSET, 1000
B78, INSTALLED, 500
B79, INSTALLED, 500
B80, INSTALLED, 500
B81, INSTALLED, 1000
B82, OFFSET, 1000
B83, INSTALLED, 1000
B84, OFFSET, 1000
B85, INSTALLED, 1000
B86, INSTALLED, 1000
B87, INSTALLED, 1000
B88, COVERED, 1000
B89, INSTALLED, 1000
B90, OFFSET, 1000
B91, INSTALLED, 1000
B92, INSTALLED, 1000
B93, INSTALLED, 1000
B94, OFFSET, 1000
B95, INSTALLED, 1000
B96, INSTALLED, 1000
B97, INSTALLED, 500
B98, INSTALLED, 500
B99, INSTALLED, 1000
B100, COVERED, 1000
B101, INSTALLED, 1000
B102, INSTALLED, 1000
B103, INSTALLED, 1000
B104, INSTALLED, 1000
B105, INSTALLED, 1000
B106, SUPER_SHORT, 1000
B107, INSTALLED, 1000
B108, INSTALLED, 1000
B109, INSTALLED, 1000
B110, OFFSET, 1000
B111, INSTALLED, 1000
B112, COVERED, 1000
B113, INSTALLED, 1000
B114, COVERED, 1000
B115, INSTALLED, 500
B116, OFFSET, 1000
B117, INSTALLED, 1000
B118, INSTALLED, 1000
B119, INSTALLED, 1000
B120, OFFSET, 1000
B121, INSTALLED, 1000
B122, OFFSET, 1000
B123, INSTALLED, 1000
B124, INSTALLED, 1000
B125, INSTALLED, 1000
B126, COVERED, 1000
B127, INSTALLED, 1000
B128, OFFSET, 1000
B129, INSTALLED, 1000
B130, OFFSET, 1000
B131, INSTALLED, 500
B132, INSTALLED, 1000
B133, INSTALLED, 1000
B134, INSTALLED, 1000
B135, INSTALLED, 1000
B136, COVERED, 1000
B137, INSTALLED, 1000
B138, INSTALLED, 1000
B139, INSTALLED, 1000
B140, INSTALLED, 1000
B141, INSTALLED, 1000
B142, OFFSET, 1000
B143, INSTALLED, 1000
B144, INSTALLED, 1000
B145, INSTALLED, 1000
B146, INSTALLED, 1000
B147, OFFSET, 1000
B148, INSTALLED, 1000
B149, INSTALLED, 1000
B150, OFFSET, 1000
B151, INSTALLED, 1000
B152, OFFSET, 1000
B153, INSTALLED, 1000
B154, INSTALLED, 1000
B155, INSTALLED, 1000
B156, OFFSET, 1000
B157, INSTALLED, 1000
B158, INSTALLED, 1000
B159, INSTALLED, 1000
B160, INSTALLED, 1000
B161, INSTALLED, 1000
B162, COVERED, 1000
B163, INSTALLED, 1000
B164, INSTALLED, 1000
B165, COVERED, 1000
B166, INSTALLED, 1000
B167, INSTALLED, 1000
B168, INSTALLED, 1000
B169, INSTALLED, 1000
B170, INSTALLED, 1000
B171, COVERED, 1000
B172, INSTALLED, 1000
B173, INSTALLED, 1000
B174, INSTALLED, 1000
B175, INSTALLED, 1000
B176, INSTALLED, 1000
B177, INSTALLED, 1000
B178, INSTALLED, 1000
B179, OFFSET, 1000
B180, INSTALLED, 1000
B181, INSTALLED, 1000
B182, INSTALLED, 1000
B183, OFFSET, 1000
B184, INSTALLED, 1000
B185, OFFSET, 1000
B186, OFFSET, 1000
B187, OFFSET, 1000
B188, INSTALLED, 1000
B189, COVERED, 1000
B190, INSTALLED, 1000
B191, INSTALLED, 1000
B192, INSTALLED, 1000
B193, INSTALLED, 1000
B194, INSTALLED, 1000
B195, INSTALLED, 1000
B196, COVERED, 1000
B197, INSTALLED, 1000
B198, INSTALLED, 1000
B199, INSTALLED, 1000
B200, INSTALLED, 1000
B201, INSTALLED, 1000
B202, COVERED, 1000
B203, INSTALLED, 1000
B204, OFFSET, 1000
B205, INSTALLED, 1000
B206, COVERED, 1000
B207, INSTALLED, 1000
B208, OFFSET, 1000
B209, INSTALLED, 1000
B210, INSTALLED, 1000
B211, INSTALLED, 1000
B212, OFFSET, 1000
B213, INSTALLED, 1000
B214, OFFSET, 1000
B215, INSTALLED, 1000
B216, OFFSET, 1000
B217, OFFSET, 1000
B218, INSTALLED, 1000
B219, INSTALLED, 1000
B220, INSTALLED, 1000
B221, INSTALLED, 1000
B222, INSTALLED, 1000
B223, COVERED, 1000
B224, INSTALLED, 1000
B225, INSTALLED, 1000
B226, INSTALLED, 1000
B227, INSTALLED, 1000
B228, INSTALLED, 1000
B229, INSTALLED, 1000
B230, INSTALLED, 1000
B231, COVERED, 1000
B232, INSTALLED, 1000
B233, OFFSET, 1000
B234, INSTALLED, 1000
B235, INSTALLED, 1000
B236, INSTALLED, 1000
B237, INSTALLED, 1000
B238, INSTALLED, 1000
B239, INSTALLED, 1000
B240, COVERED, 1000
B241, INSTALLED, 1000
B242, INSTALLED, 1000
B243, INSTALLED, 1000
B244, INSTALLED, 1000
B245, INSTALLED, 1000
B246, COVERED, 1000
B247, INSTALLED, 1000
B248, OFFSET, 1000
B249, INSTALLED, 1000
B250, INSTALLED, 1000
B251, INSTALLED, 1000
B252, COVERED, 1000
B253, INSTALLED, 1000
B254, INSTALLED, 1000
B255, INSTALLED, 1000
B256, INSTALLED, 1000
B257, INSTALLED, 1000
B258, INSTALLED, 1000
B259, COVERED, 1000
B260, INSTALLED, 1000
B261, OFFSET, 1000
B262, OFFSET, 1000
B263, COVERED, 1000
B264, INSTALLED, 1000
B265, OFFSET, 1000
B266, OFFSET, 1000
B267, INSTALLED, 1000
B268, INSTALLED, 1000
B269, INSTALLED, 1000
B270, INSTALLED, 1000
B271, OFFSET, 1000
B272, OFFSET, 1000
B273, INSTALLED, 1000
B274, INSTALLED, 1000
B275, INSTALLED, 1000
C1, INSTALLED, 500
C2, INSTALLED, 500
C3, INSTALLED, 500
C4, INSTALLED, 500
C5, SUPER_SHORT, 1000
C6, INSTALLED, 1000
C7, INSTALLED, 1000
C8, INSTALLED, 1000
C9, INSTALLED, 1000
C10, INSTALLED, 1000
C11, SUPER_SHORT, 1000
C12, INSTALLED, 1000
C13, INSTALLED, 1000
C14, INSTALLED, 1000
C15, INSTALLED, 1000
C16, INSTALLED, 1000
C17, SUPER_SHORT, 1000
C18, INSTALLED, 1000
C19, OFFSET, 1000
C20, OFFSET, 1000
C21, INSTALLED, 500
C22, INSTALLED, 500
C23, INSTALLED, 500
C24, OFFSET, 1000
C25, INSTALLED, 1000
C26, OFFSET, 1000
C27, INSTALLED, 1000
C28, INSTALLED, 1000
C29, INSTALLED, 1000
C30, OFFSET, 1000
C31, INSTALLED, 1000
C32, SUPER_SHORT, 1000
C33, INSTALLED, 1000
C34, INSTALLED, 1000
C35, INSTALLED, 1000
C36, OFFSET, 1000
C37, OFFSET, 1000
C38, OFFSET, 1000
C39, INSTALLED, 500
C40, OFFSET, 1000
C41, INSTALLED, 500
C42, INSTALLED, 500
C43, INSTALLED, 500
C44, INSTALLED, 1000
C45, INSTALLED, 1000
C46, SUPER_SHORT, 1000
C47, INSTALLED, 1000
C48, INSTALLED, 1000
C49, INSTALLED, 1000
C50, INSTALLED, 1000
C51, INSTALLED, 1000
C52, SUPER_SHORT, 1000
C53, INSTALLED, 1000
C54, INSTALLED, 1000
C55, INSTALLED, 1000
C56, INSTALLED, 1000
C57, INSTALLED, 1000
C58, INSTALLED, 500
C59, INSTALLED, 500
C60, INSTALLED, 500
C61, INSTALLED, 500
C62, OFFSET, 1000
C63, INSTALLED, 1000
C64, INSTALLED, 1000
C65, INSTALLED, 1000
C66, OFFSET, 1000
C67, INSTALLED, 1000
C68, SUPER_SHORT, 1000
C69, INSTALLED, 1000
C70, INSTALLED, 1000
C71, INSTALLED, 1000
C72, OFFSET, 1000
C73, INSTALLED, 1000
C74, SUPER_SHORT, 1000
C75, INSTALLED, 1000
C76, INSTALLED, 1000
C77, INSTALLED, 1000
C78, INSTALLED, 500
C79, INSTALLED, 1000
C80, INSTALLED, 500
C81, INSTALLED, 500
C82, SUPER_SHORT, 1000
C83, INSTALLED, 1000
C84, INSTALLED, 1000
C85, INSTALLED, 1000
C86, INSTALLED, 1000
C87, INSTALLED, 1000
C88, SUPER_SHORT, 1000
C89, INSTALLED, 1000
C90, INSTALLED, 1000
C91, INSTALLED, 1000
C92, INSTALLED, 1000
C93, INSTALLED, 1000
C94, SUPER_SHORT, 1000
C95, INSTALLED, 1000
C96, OFFSET, 1000
C97, INSTALLED, 500
C98, INSTALLED, 500
C99, INSTALLED, 500
C100, INSTALLED, 1000
C101, OFFSET, 1000
C102, INSTALLED, 1000
C103, SUPER_SHORT, 1000
C104, INSTALLED, 1000
C105, INSTALLED, 1000
C106, INSTALLED, 1000
C107, OFFSET, 1000
C108, INSTALLED, 1000
C109, SUPER_SHORT, 1000
C110, INSTALLED, 1000
C111, INSTALLED, 1000
C112, INSTALLED, 1000
C113, OFFSET, 1000
C114, INSTALLED, 500
C115, INSTALLED, 500
C116, INSTALLED, 1000
C117, INSTALLED, 1000
C118, INSTALLED, 1000
C119, INSTALLED, 1000
C120, SUPER_SHORT, 1000
C121, INSTALLED, 1000
C122, INSTALLED, 1000
C123, INSTALLED, 1000
C124, INSTALLED, 1000
C125, INSTALLED, 1000
C126, SUPER_SHORT, 1000
C127, INSTALLED, 1000
C128, INSTALLED, 1000
C129, INSTALLED, 1000
C130, OFFSET, 1000
C131, INSTALLED, 500
C132, INSTALLED, 1000
C133, SUPER_SHORT, 1000
C134, INSTALLED, 1000
C135, INSTALLED, 1000
C136, INSTALLED, 1000
C137, OFFSET, 1000
C138, INSTALLED, 1000
C139, OFFSET, 1000
C140, OFFSET, 1000
C141, INSTALLED, 1000
C142, INSTALLED, 1000
C143, OFFSET, 1000
C144, INSTALLED, 1000
C145, SUPER_SHORT, 1000
C146, OFFSET, 1000
C147, INSTALLED, 1000
C148, INSTALLED, 1000
C149, INSTALLED, 1000
C150, SUPER_SHORT, 1000
C151, INSTALLED, 1000
C152, INSTALLED, 1000
C153, INSTALLED, 1000
C154, INSTALLED, 1000
C155, INSTALLED, 1000
C156, SUPER_SHORT, 1000
C157, OFFSET, 1000
C158, INSTALLED, 1000
C159, INSTALLED, 1000
C160, INSTALLED, 1000
C161, INSTALLED, 1000
C162, INSTALLED, 1000
C163, INSTALLED, 1000
C164, INSTALLED, 1000
C165, INSTALLED, 1000
C166, OFFSET, 1000
C167, INSTALLED, 1000
C168, SUPER_SHORT, 1000
C169, INSTALLED, 1000
C170, INSTALLED, 1000
C171, INSTALLED, 1000
C172, INSTALLED, 1000
C173, OFFSET, 1000
C174, SUPER_SHORT, 1000
C175, INSTALLED, 1000
C176, INSTALLED, 1000
C177, INSTALLED, 1000
C178, INSTALLED, 1000
C179, INSTALLED, 1000
C180, INSTALLED, 1000
C181, INSTALLED, 1000
C182, INSTALLED, 1000
C183, SUPER_SHORT, 1000
C184, INSTALLED, 1000
C185, INSTALLED, 1000
C186, INSTALLED, 1000
C187, INSTALLED, 1000
C188, INSTALLED, 1000
C189, SUPER_SHORT, 1000
C190, INSTALLED, 1000
C191, INSTALLED, 1000
C192, INSTALLED, 1000
C193, INSTALLED, 1000
C194, INSTALLED, 1000
C195, INSTALLED, 1000
C196, INSTALLED, 1000
C197, OFFSET, 1000
C198, INSTALLED, 1000
C199, OFFSET, 1000
C200, INSTALLED, 1000
C201, INSTALLED, 1000
C202, INSTALLED, 1000
C203, SUPER_SHORT, 1000
C204, OFFSET, 1000
C205, OFFSET, 1000
C206, INSTALLED, 1000
C207, INSTALLED, 1000
C208, INSTALLED, 1000
C209, INSTALLED, 1000
C210, INSTALLED, 1000
C211, INSTALLED, 1000
C212, SUPER_SHORT, 1000
C213, INSTALLED, 1000
C214, OFFSET, 1000
C215, INSTALLED, 1000
C216, INSTALLED, 1000
C217, OFFSET, 1000
C218, INSTALLED, 1000
C219, INSTALLED, 1000
C220, OFFSET, 1000
C221, INSTALLED, 1000
C222, INSTALLED, 1000
C223, INSTALLED, 1000
C224, OFFSET, 1000
C225, INSTALLED, 1000
C226, OFFSET, 1000
C227, INSTALLED, 1000
C228, INSTALLED, 1000
C229, INSTALLED, 1000
C230, INSTALLED, 1000
C231, SUPER_SHORT, 1000
C232, INSTALLED, 1000
C233, INSTALLED, 1000
C234, INSTALLED, 1000
C235, INSTALLED, 1000
C236, INSTALLED, 1000
C237, OFFSET, 1000
C238, OFFSET, 1000
C239, INSTALLED, 1000
C240, INSTALLED, 1000
C241, OFFSET, 1000
C242, INSTALLED, 1000
C243, SUPER_SHORT, 1000
C244, INSTALLED, 1000
C245, INSTALLED, 1000
C246, INSTALLED, 1000
C247, OFFSET, 1000
C248, INSTALLED, 1000
C249, INSTALLED, 1000
C250, INSTALLED, 1000
C251, INSTALLED, 1000
C252, SUPER_SHORT, 1000
C253, INSTALLED, 1000
C254, INSTALLED, 1000
C255, INSTALLED, 1000
C256, OFFSET, 1000
C257, INSTALLED, 1000
C258, INSTALLED, 1000
C259, INSTALLED, 1000
C260, OFFSET, 1000
C261, SUPER_SHORT, 1000
C262, OFFSET, 1000
C263, SUPER_SHORT, 1000
C264, INSTALLED, 1000
C265, INSTALLED, 1000
C266, INSTALLED, 1000
C267, INSTALLED, 1000
C268, INSTALLED, 1000
C269, OFFSET, 1000
C270, OFFSET, 1000
C271, OFFSET, 1000
C272, INSTALLED, 1000
C273, INSTALLED, 1000
C274, OFFSET, 1000
C275, INSTALLED, 1000
D1, INSTALLED, 500
D2, INSTALLED, 500
D3, INSTALLED, 500
D4, BLOCKED, 0
D5, OFFSET, 1000
D6, INSTALLED, 500
D7, INSTALLED, 1000
D8, INSTALLED, 1000
D9, INSTALLED, 1000
D10, BLOCKED, 1000
D11, OFFSET, 1000
D12, INSTALLED, 1000
D13, INSTALLED, 1000
D14, INSTALLED, 1000
D15, INSTALLED, 1000
D16, INSTALLED, 1000
D17, INSTALLED, 1000
D18, INSTALLED, 1000
D19, INSTALLED, 1000
D20, INSTALLED, 500
D21, INSTALLED, 500
D22, INSTALLED, 500
D23, INSTALLED, 500
D24, INSTALLED, 500
D25, INSTALLED, 1000
D26, INSTALLED, 1000
D27, INSTALLED, 1000
D28, INSTALLED, 1000
D29, INSTALLED, 1000
D30, INSTALLED, 1000
D31, INSTALLED, 1000
D32, INSTALLED, 1000
D33, INSTALLED, 1000
D34, SUPER_SHORT, 1000
D35, SUPER_SHORT, 1000
D36, OFFSET, 1000
D37, INSTALLED, 1000
D38, OFFSET, 1000
D39, INSTALLED, 500
D40, INSTALLED, 500
D41, INSTALLED, 1000
D42, INSTALLED, 500
D43, INSTALLED, 500
D44, INSTALLED, 1000
D45, INSTALLED, 1000
D46, INSTALLED, 1000
D47, INSTALLED, 1000
D48, INSTALLED, 1000
D49, INSTALLED, 1000
D50, INSTALLED, 1000
D51, INSTALLED, 1000
D52, INSTALLED, 1000
D53, INSTALLED, 1000
D54, INSTALLED, 1000
D55, INSTALLED, 1000
D56, OFFSET, 1000
D57, OFFSET, 1000
D58, SUPER_SHORT, 1000
D59, OFFSET, 1000
D60, INSTALLED, 1000
D61, INSTALLED, 500
D62, INSTALLED, 500
D63, INSTALLED, 1000
D64, SUPER_SHORT, 1000
D65, SUPER_SHORT, 1000
D66, OFFSET, 1000
D67, INSTALLED, 1000
D68, INSTALLED, 1000
D69, INSTALLED, 1000
D70, SUPER_SHORT, 1000
D71, SUPER_SHORT, 1000
D72, OFFSET, 1000
D73, INSTALLED, 1000
D74, INSTALLED, 1000
D75, INSTALLED, 1000
D76, INSTALLED, 1000
D77, INSTALLED, 1000
D78, INSTALLED, 500
D79, INSTALLED, 1000
D80, INSTALLED, 500
D81, INSTALLED, 500
D82, INSTALLED, 1000
D83, INSTALLED, 1000
D84, INSTALLED, 1000
D85, INSTALLED, 1000
D86, INSTALLED, 1000
D87, INSTALLED, 1000
D88, INSTALLED, 1000
D89, INSTALLED, 1000
D90, INSTALLED, 1000
D91, INSTALLED, 1000
D92, INSTALLED, 1000
D93, INSTALLED, 1000
D94, INSTALLED, 1000
D95, INSTALLED, 1000
D96, INSTALLED, 1000
D97, INSTALLED, 500
D98, INSTALLED, 500
D99, SUPER_SHORT, 1000
D100, SUPER_SHORT, 1000
D101, OFFSET, 1000
D102, INSTALLED, 1000
D103, INSTALLED, 1000
D104, INSTALLED, 1000
D105, SUPER_SHORT, 1000
D106, SUPER_SHORT, 1000
D107, OFFSET, 1000
D108, INSTALLED, 1000
D109, INSTALLED, 1000
D110, INSTALLED, 1000
D111, SUPER_SHORT, 1000
D112, SUPER_SHORT, 1000
D113, SUPER_SHORT, 1000
D114, INSTALLED, 500
D115, INSTALLED, 500
D116, INSTALLED, 1000
D117, INSTALLED, 1000
D118, INSTALLED, 1000
D119, INSTALLED, 1000
D120, INSTALLED, 1000
D121, INSTALLED, 1000
D122, INSTALLED, 1000
D123, INSTALLED, 1000
D124, INSTALLED, 1000
D125, INSTALLED, 1000
D126, INSTALLED, 1000
D127, INSTALLED, 1000
D128, INSTALLED, 1000
D129, INSTALLED, 1000
D130, SUPER_SHORT, 1000
D131, OFFSET, 1000
D132, INSTALLED, 1000
D133, INSTALLED, 1000
D134, INSTALLED, 1000
D135, SUPER_SHORT, 1000
D136, SUPER_SHORT, 1000
D137, OFFSET, 1000
D138, INSTALLED, 1000
D139, INSTALLED, 1000
D140, INSTALLED, 1000
D141, SUPER_SHORT, 1000
D142, SUPER_SHORT, 1000
D143, OFFSET, 1000
D144, INSTALLED, 1000
D145, INSTALLED, 1000
D146, INSTALLED, 1000
D147, OFFSET, 1000
D148, INSTALLED, 1000
D149, INSTALLED, 1000
D150, INSTALLED, 1000
D151, INSTALLED, 1000
D152, INSTALLED, 1000
D153, INSTALLED, 1000
D154, INSTALLED, 1000
D155, INSTALLED, 1000
D156, INSTALLED, 1000
D157, INSTALLED, 1000
D158, INSTALLED, 1000
D159, INSTALLED, 1000
D160, INSTALLED, 1000
D161, INSTALLED, 1000
D162, INSTALLED, 1000
D163, INSTALLED, 1000
D164, SUPER_SHORT, 1000
D165, SUPER_SHORT, 1000
D166, OFFSET, 1000
D167, INSTALLED, 1000
D168, INSTALLED, 1000
D169, INSTALLED, 1000
D170, SUPER_SHORT, 1000
D171, SUPER_SHORT, 1000
D172, INSTALLED, 1000
D173, INSTALLED, 1000
D174, INSTALLED, 1000
D175, OFFSET, 1000
D176, OFFSET, 1000
D177, OFFSET, 1000
D178, OFFSET, 1000
D179, INSTALLED, 1000
D180, INSTALLED, 1000
D181, INSTALLED, 1000
D182, INSTALLED, 1000
D183, INSTALLED, 1000
D184, INSTALLED, 1000
D185, OFFSET, 1000
D186, OFFSET, 1000
D187, SUPER_SHORT, 1000
D188, INSTALLED, 1000
D189, INSTALLED, 1000
D190, INSTALLED, 1000
D191, INSTALLED, 1000
D192, OFFSET, 1000
D193, INSTALLED, 1000
D194, INSTALLED, 1000
D195, SUPER_SHORT, 1000
D196, SUPER_SHORT, 1000
D197, OFFSET, 1000
D198, INSTALLED, 1000
D199, INSTALLED, 1000
D200, INSTALLED, 1000
D201, SUPER_SHORT, 1000
D202, SUPER_SHORT, 1000
D203, SUPER_SHORT, 1000
D204, INSTALLED, 1000
D205, INSTALLED, 1000
D206, INSTALLED, 1000
D207, INSTALLED, 1000
D208, INSTALLED, 1000
D209, INSTALLED, 1000
D210, INSTALLED, 1000
D211, INSTALLED, 1000
D212, INSTALLED, 1000
D213, INSTALLED, 1000
D214, INSTALLED, 1000
D215, INSTALLED, 1000
D216, OFFSET, 1000
D217, OFFSET, 1000
D218, OFFSET, 1000
D219, INSTALLED, 1000
D220, INSTALLED, 1000
D221, INSTALLED, 1000
D222, SUPER_SHORT, 1000
D223, SUPER_SHORT, 1000
D224, OFFSET, 1000
D225, INSTALLED, 1000
D226, INSTALLED, 1000
D227, INSTALLED, 1000
D228, OFFSET, 1000
D229, INSTALLED, 1000
D230, INSTALLED, 1000
D231, INSTALLED, 1000
D232, INSTALLED, 1000
D233, INSTALLED, 1000
D234, INSTALLED, 1000
D235, INSTALLED, 1000
D236, INSTALLED, 1000
D237, INSTALLED, 1000
D238, INSTALLED, 1000
D239, SUPER_SHORT, 1000
D240, SUPER_SHORT, 1000
D241, OFFSET, 1000
D242, INSTALLED, 1000
D243, INSTALLED, 1000
D244, INSTALLED, 1000
D245, SUPER_SHORT, 1000
D246, INSTALLED, 1000
D247, INSTALLED, 1000
D248, INSTALLED, 1000
D249, INSTALLED, 1000
D250, INSTALLED, 1000
D251, INSTALLED, 1000
D252, INSTALLED, 1000
D253, INSTALLED, 1000
D254, SUPER_SHORT, 1000
D255, INSTALLED, 1000
D256, INSTALLED, 1000
D257, INSTALLED, 1000
D258, SUPER_SHORT, 1000
D259, SUPER_SHORT, 1000
D260, OFFSET, 1000
D261, OFFSET, 1000
D262, INSTALLED, 1000
D263, INSTALLED, 1000
D264, INSTALLED, 1000
D265, INSTALLED, 1000
D266, INSTALLED, 1000
D267, INSTALLED, 1000
D268, OFFSET, 1000
D269, OFFSET, 1000
D270, INSTALLED, 1000
D271, INSTALLED, 1000
D272, INSTALLED, 1000
D273, OFFSET, 1000
D274, OFFSET, 1000
D275, OFFSET, 1000
E1, INSTALLED, 500
E2, INSTALLED, 500
E3, INSTALLED, 500
E4, INSTALLED, 500
E5, SUPER_SHORT, 1000
E6, INSTALLED, 1000
E7, INSTALLED, 1000
E8, INSTALLED, 1000
E9, INSTALLED, 1000
E10, INSTALLED, 1000
E11, SUPER_SHORT, 1000
E12, INSTALLED, 1000
E13, INSTALLED, 1000
E14, INSTALLED, 1000
E15, INSTALLED, 1000
E16, INSTALLED, 1000
E17, SUPER_SHORT, 1000
E18, INSTALLED, 1000
E19, INSTALLED, 1000
E20, INSTALLED, 500
E21, INSTALLED, 500
E22, INSTALLED, 500
E23, SUPER_SHORT, 1000
E24, INSTALLED, 500
E25, INSTALLED, 1000
E26, INSTALLED, 1000
E27, OFFSET, 1000
E28, INSTALLED, 1000
E29, SUPER_SHORT, 1000
E30, INSTALLED, 1000
E31, INSTALLED, 1000
E32, INSTALLED, 1000
E33, OFFSET, 1000
E34, INSTALLED, 1000
E35, SUPER_SHORT, 1000
E36, INSTALLED, 1000
E37, INSTALLED, 1000
E38, INSTALLED, 1000
E39, INSTALLED, 1000
E40, OFFSET, 1000
E41, INSTALLED, 500
E42, INSTALLED, 500
E43, INSTALLED, 500
E44, INSTALLED, 1000
E45, INSTALLED, 1000
E46, SUPER_SHORT, 1000
E47, INSTALLED, 1000
E48, INSTALLED, 1000
E49, BLOCKED, 1000
E50, INSTALLED, 1000
E51, INSTALLED, 1000
E52, SUPER_SHORT, 1000
E53, INSTALLED, 1000
E54, INSTALLED, 1000
E55, INSTALLED, 1000
E56, INSTALLED, 1000
E57, OFFSET, 1000
E58, INSTALLED, 500
E59, OFFSET, 1000
E60, INSTALLED, 500
E61, INSTALLED, 500
E62, INSTALLED, 1000
E63, OFFSET, 1000
E64, INSTALLED, 1000
E65, SUPER_SHORT, 1000
E66, INSTALLED, 1000
E67, INSTALLED, 1000
E68, INSTALLED, 1000
E69, SUPER_SHORT, 1000
E70, INSTALLED, 1000
E71, SUPER_SHORT, 1000
E72, INSTALLED, 1000
E73, INSTALLED, 1000
E74, INSTALLED, 1000
E75, OFFSET, 1000
E76, OFFSET, 1000
E77, OFFSET, 1000
E78, INSTALLED, 500
E79, INSTALLED, 500
E80, INSTALLED, 500
E81, INSTALLED, 1000
E82, SUPER_SHORT, 1000
E83, INSTALLED, 1000
E84, INSTALLED, 1000
E85, INSTALLED, 1000
E86, INSTALLED, 1000
E87, INSTALLED, 1000
E88, SUPER_SHORT, 1000
E89, INSTALLED, 1000
E90, INSTALLED, 1000
E91, INSTALLED, 1000
E92, INSTALLED, 1000
E93, INSTALLED, 1000
E94, SUPER_SHORT, 1000
E95, INSTALLED, 1000
E96, INSTALLED, 1000
E97, INSTALLED, 1000
E98, OFFSET, 1000
E99, INSTALLED, 500
E100, SUPER_SHORT, 1000
E101, INSTALLED, 1000
E102, INSTALLED, 1000
E103, INSTALLED, 1000
E104, SUPER_SHORT, 1000
E105, INSTALLED, 1000
E106, SUPER_SHORT, 1000
E107, INSTALLED, 1000
E108, INSTALLED, 1000
E109, INSTALLED, 1000
E110, SUPER_SHORT, 1000
E111, INSTALLED, 1000
E112, OFFSET, 1000
E113, INSTALLED, 1000
E114, SUPER_SHORT, 1000
E115, INSTALLED, 500
E116, INSTALLED, 1000
E117, INSTALLED, 1000
E118, INSTALLED, 1000
E119, INSTALLED, 1000
E120, SUPER_SHORT, 1000
E121, INSTALLED, 1000
E122, INSTALLED, 1000
E123, INSTALLED, 1000
E124, INSTALLED, 1000
E125, INSTALLED, 1000
E126, SUPER_SHORT, 1000
E127, INSTALLED, 1000
E128, INSTALLED, 1000
E129, INSTALLED, 1000
E130, OFFSET, 1000
E131, INSTALLED, 500
E132, INSTALLED, 1000
E133, INSTALLED, 1000
E134, OFFSET, 1000
E135, INSTALLED, 1000
E136, SUPER_SHORT, 1000
E137, INSTALLED, 1000
E138, INSTALLED, 1000
E139, INSTALLED, 1000
E140, OFFSET, 1000
E141, INSTALLED, 1000
E142, SUPER_SHORT, 1000
E143, INSTALLED, 1000
E144, INSTALLED, 1000
E145, INSTALLED, 1000
E146, INSTALLED, 1000
E147, OFFSET, 1000
E148, INSTALLED, 1000
E149, INSTALLED, 1000
E150, SUPER_SHORT, 1000
E151, INSTALLED, 1000
E152, INSTALLED, 1000
E153, INSTALLED, 1000
E154, INSTALLED, 1000
E155, INSTALLED, 1000
E156, SUPER_SHORT, 1000
E157, OFFSET, 1000
E158, INSTALLED, 1000
E159, INSTALLED, 1000
E160, INSTALLED, 1000
E161, INSTALLED, 1000
E162, SUPER_SHORT, 1000
E163, INSTALLED, 1000
E164, INSTALLED, 1000
E165, SUPER_SHORT, 1000
E166, INSTALLED, 1000
E167, INSTALLED, 1000
E168, INSTALLED, 1000
E169, SUPER_SHORT, 1000
E170, INSTALLED, 1000
E171, OFFSET, 1000
E172, INSTALLED, 1000
E173, OFFSET, 1000
E174, INSTALLED, 1000
E175, OFFSET, 1000
E176, INSTALLED, 1000
E177, INSTALLED, 1000
E178, INSTALLED, 1000
E179, INSTALLED, 1000
E180, INSTALLED, 1000
E181, INSTALLED, 1000
E182, INSTALLED, 1000
E183, SUPER_SHORT, 1000
E184, INSTALLED, 1000
E185, INSTALLED, 1000
E186, INSTALLED, 1000
E187, INSTALLED, 1000
E188, INSTALLED, 1000
E189, OFFSET, 1000
E190, INSTALLED, 1000
E191, INSTALLED, 1000
E192, INSTALLED, 1000
E193, INSTALLED, 1000
E194, OFFSET, 1000
E195, INSTALLED, 1000
E196, SUPER_SHORT, 1000
E197, INSTALLED, 1000
E198, INSTALLED, 1000
E199, INSTALLED, 1000
E200, INSTALLED, 1000
E201, INSTALLED, 1000
E202, OFFSET, 1000
E203, INSTALLED, 1000
E204, SUPER_SHORT, 1000
E205, INSTALLED, 1000
E206, SUPER_SHORT, 1000
E207, INSTALLED, 1000
E208, INSTALLED, 1000
E209, INSTALLED, 1000
E210, INSTALLED, 1000
E211, INSTALLED, 1000
E212, SUPER_SHORT, 1000
E213, INSTALLED, 1000
E214, INSTALLED, 1000
E215, INSTALLED, 1000
E216, OFFSET, 1000
E217, OFFSET, 1000
E218, INSTALLED, 1000
E219, INSTALLED, 1000
E220, INSTALLED, 1000
E221, OFFSET, 1000
E222, INSTALLED, 1000
E223, SUPER_SHORT, 1000
E224, INSTALLED, 1000
E225, INSTALLED, 1000
E226, INSTALLED, 1000
E227, INSTALLED, 1000
E228, INSTALLED, 1000
E229, INSTALLED, 1000
E230, INSTALLED, 1000
E231, SUPER_SHORT, 1000
E232, INSTALLED, 1000
E233, OFFSET, 1000
E234, INSTALLED, 1000
E235, INSTALLED, 1000
E236, INSTALLED, 1000
E237, INSTALLED, 1000
E238, INSTALLED, 1000
E239, INSTALLED, 1000
E240, SUPER_SHORT, 1000
E241, INSTALLED, 1000
E242, INSTALLED, 1000
E243, INSTALLED, 1000
E244, OFFSET, 1000
E245, INSTALLED, 1000
E246, SUPER_SHORT, 1000
E247, INSTALLED, 1000
E248, INSTALLED, 1000
E249, INSTALLED, 1000
E250, INSTALLED, 1000
E251, INSTALLED, 1000
E252, SUPER_SHORT, 1000
E253, INSTALLED, 1000
E254, INSTALLED, 1000
E255, INSTALLED, 1000
E256, INSTALLED, 1000
E257, OFFSET, 1000
E258, INSTALLED, 1000
E259, OFFSET, 1000
E260, INSTALLED, 1000
E261, OFFSET, 1000
E262, OFFSET, 1000
E263, SUPER_SHORT, 1000
E264, INSTALLED, 1000
E265, INSTALLED, 1000
E266, OFFSET, 1000
E267, INSTALLED, 1000
E268, INSTALLED, 1000
E269, INSTALLED, 1000
E270, INSTALLED, 1000
E271, OFFSET, 1000
E272, OFFSET, 1000
E273, INSTALLED, 1000
E274, INSTALLED, 1000
E275, INSTALLED, 1000
F1, INSTALLED, 500
F2, INSTALLED, 500
F3, INSTALLED, 500
F4, INSTALLED, 500
F5, SUPER_SHORT, 1000
F6, INSTALLED, 500
F7, OFFSET, 1000
F8, INSTALLED, 1000
F9, INSTALLED, 1000
F10, INSTALLED, 1000
F11, SUPER_SHORT, 1000
F12, INSTALLED, 1000
F13, OFFSET, 1000
F14, INSTALLED, 1000
F15, INSTALLED, 1000
F16, INSTALLED, 1000
F17, SUPER_SHORT, 1000
F18, INSTALLED, 1000
F19, OFFSET, 1000
F20, OFFSET, 1000
F21, INSTALLED, 500
F22, INSTALLED, 500
F23, INSTALLED, 500
F24, INSTALLED, 1000
F25, INSTALLED, 1000
F26, SUPER_SHORT, 1000
F27, INSTALLED, 1000
F28, INSTALLED, 1000
F29, INSTALLED, 1000
F30, INSTALLED, 1000
F31, INSTALLED, 1000
F32, SUPER_SHORT, 1000
F33, INSTALLED, 1000
F34, INSTALLED, 1000
F35, INSTALLED, 1000
F36, INSTALLED, 1000
F37, SUPER_SHORT, 1000
F38, OFFSET, 1000
F39, INSTALLED, 500
F40, OFFSET, 1000
F41, INSTALLED, 500
F42, OFFSET, 1000
F43, INSTALLED, 1000
F44, INSTALLED, 1000
F45, INSTALLED, 1000
F46, SUPER_SHORT, 1000
F47, INSTALLED, 1000
F48, OFFSET, 1000
F49, INSTALLED, 1000
F50, INSTALLED, 1000
F51, INSTALLED, 1000
F52, SUPER_SHORT, 1000
F53, INSTALLED, 1000
F54, OFFSET, 1000
F55, INSTALLED, 1000
F56, INSTALLED, 1000
F57, INSTALLED, 1000
F58, INSTALLED, 500
F59, INSTALLED, 500
F60, INSTALLED, 1000
F61, INSTALLED, 1000
F62, SUPER_SHORT, 1000
F63, INSTALLED, 1000
F64, INSTALLED, 1000
F65, INSTALLED, 1000
F66, INSTALLED, 1000
F67, INSTALLED, 1000
F68, SUPER_SHORT, 1000
F69, INSTALLED, 1000
F70, INSTALLED, 1000
F71, INSTALLED, 1000
F72, INSTALLED, 1000
F73, INSTALLED, 1000
F74, SUPER_SHORT, 1000
F75, INSTALLED, 1000
F76, INSTALLED, 1000
F77, INSTALLED, 1000
F78, INSTALLED, 500
F79, INSTALLED, 1000
F80, INSTALLED, 1000
F81, INSTALLED, 500
F82, SUPER_SHORT, 1000
F83, INSTALLED, 1000
F84, OFFSET, 1000
F85, INSTALLED, 1000
F86, INSTALLED, 1000
F87, INSTALLED, 1000
F88, SUPER_SHORT, 1000
F89, INSTALLED, 1000
F90, OFFSET, 1000
F91, INSTALLED, 1000
F92, INSTALLED, 1000
F93, INSTALLED, 1000
F94, SUPER_SHORT, 1000
F95, INSTALLED, 1000
F96, OFFSET, 1000
F97, INSTALLED, 500
F98, INSTALLED, 500
F99, INSTALLED, 500
F100, INSTALLED, 500
F101, INSTALLED, 1000
F102, INSTALLED, 1000
F103, SUPER_SHORT, 1000
F104, INSTALLED, 1000
F105, INSTALLED, 1000
F106, INSTALLED, 1000
F107, INSTALLED, 1000
F108, INSTALLED, 1000
F109, SUPER_SHORT, 1000
F110, INSTALLED, 1000
F111, INSTALLED, 1000
F112, INSTALLED, 1000
F113, OFFSET, 1000
F114, INSTALLED, 500
F115, INSTALLED, 500
F116, OFFSET, 1000
F117, INSTALLED, 1000
F118, INSTALLED, 1000
F119, INSTALLED, 1000
F120, SUPER_SHORT, 1000
F121, INSTALLED, 1000
F122, INSTALLED, 1000
F123, INSTALLED, 1000
F124, INSTALLED, 1000
F125, INSTALLED, 1000
F126, SUPER_SHORT, 1000
F127, INSTALLED, 1000
F128, INSTALLED, 1000
F129, INSTALLED, 1000
F130, OFFSET, 1000
F131, INSTALLED, 500
F132, INSTALLED, 1000
F133, SUPER_SHORT, 1000
F134, INSTALLED, 1000
F135, INSTALLED, 1000
F136, INSTALLED, 1000
F137, INSTALLED, 1000
F138, INSTALLED, 1000
F139, SUPER_SHORT, 1000
F140, OFFSET, 1000
F141, INSTALLED, 1000
F142, INSTALLED, 1000
F143, INSTALLED, 1000
F144, INSTALLED, 1000
F145, SUPER_SHORT, 1000
F146, OFFSET, 1000
F147, INSTALLED, 1000
F148, INSTALLED, 1000
F149, INSTALLED, 1000
F150, SUPER_SHORT, 1000
F151, INSTALLED, 1000
F152, OFFSET, 1000
F153, INSTALLED, 1000
F154, INSTALLED, 1000
F155, INSTALLED, 1000
F156, SUPER_SHORT, 1000
F157, INSTALLED, 1000
F158, INSTALLED, 1000
F159, INSTALLED, 1000
F160, INSTALLED, 1000
F161, INSTALLED, 1000
F162, INSTALLED, 1000
F163, INSTALLED, 1000
F164, INSTALLED, 1000
F165, INSTALLED, 1000
F166, INSTALLED, 1000
F167, INSTALLED, 1000
F168, SUPER_SHORT, 1000
F169, INSTALLED, 1000
F170, INSTALLED, 1000
F171, INSTALLED, 1000
F172, INSTALLED, 1000
F173, INSTALLED, 1000
F174, OFFSET, 1000
F175, INSTALLED, 1000
F176, INSTALLED, 1000
F177, INSTALLED, 1000
F178, INSTALLED, 1000
F179, INSTALLED, 1000
F180, INSTALLED, 1000
F181, INSTALLED, 1000
F182, INSTALLED, 1000
F183, SUPER_SHORT, 1000
F184, INSTALLED, 1000
F185, OFFSET, 1000
F186, OFFSET, 1000
F187, OFFSET, 1000
F188, INSTALLED, 1000
F189, SUPER_SHORT, 1000
F190, INSTALLED, 1000
F191, INSTALLED, 1000
F192, INSTALLED, 1000
F193, INSTALLED, 1000
F194, INSTALLED, 1000
F195, INSTALLED, 1000
F196, INSTALLED, 1000
F197, INSTALLED, 1000
F198, INSTALLED, 1000
F199, SUPER_SHORT, 1000
F200, INSTALLED, 1000
F201, INSTALLED, 1000
F202, INSTALLED, 1000
F203, SUPER_SHORT, 1000
F204, INSTALLED, 1000
F205, OFFSET, 1000
F206, INSTALLED, 1000
F207, INSTALLED, 1000
F208, OFFSET, 1000
F209, INSTALLED, 1000
F210, INSTALLED, 1000
F211, INSTALLED, 1000
F212, SUPER_SHORT, 1000
F213, INSTALLED, 1000
F214, OFFSET, 1000
F215, INSTALLED, 1000
F216, INSTALLED, 1000
F217, OFFSET, 1000
F218, INSTALLED, 1000
F219, INSTALLED, 1000
F220, SUPER_SHORT, 1000
F221, INSTALLED, 1000
F222, INSTALLED, 1000
F223, INSTALLED, 1000
F224, INSTALLED, 1000
F225, INSTALLED, 1000
F226, OFFSET, 1000
F227, INSTALLED, 1000
F228, INSTALLED, 1000
F229, INSTALLED, 1000
F230, INSTALLED, 1000
F231, OFFSET, 1000
F232, INSTALLED, 1000
F233, OFFSET, 1000
F234, INSTALLED, 1000
F235, INSTALLED, 1000
F236, INSTALLED, 1000
F237, OFFSET, 1000
F238, OFFSET, 1000
F239, INSTALLED, 1000
F240, INSTALLED, 1000
F241, INSTALLED, 1000
F242, INSTALLED, 1000
F243, SUPER_SHORT, 1000
F244, INSTALLED, 1000
F245, INSTALLED, 1000
F246, INSTALLED, 1000
F247, OFFSET, 1000
F248, OFFSET, 1000
F249, INSTALLED, 1000
F250, INSTALLED, 1000
F251, INSTALLED, 1000
F252, OFFSET, 1000
F253, INSTALLED, 1000
F254, INSTALLED, 1000
F255, INSTALLED, 1000
F256, SUPER_SHORT, 1000
F257, INSTALLED, 1000
F258, INSTALLED, 1000
F259, INSTALLED, 1000
F260, INSTALLED, 1000
F261, OFFSET, 1000
F262, OFFSET, 1000
F263, SUPER_SHORT, 1000
F264, INSTALLED, 1000
F265, INSTALLED, 1000
F266, INSTALLED, 1000
F267, INSTALLED, 1000
F268, INSTALLED, 1000
F269, INSTALLED, 1000
F270, INSTALLED, 1000
F271, OFFSET, 1000
F272, INSTALLED, 1000
F273, INSTALLED, 1000
F274, OFFSET, 1000
F275, INSTALLED, 1000
